"Address","Content","Status Code","Status","Indexability","Indexability Status","Title 1","Title 1 Length","Title 1 Pixel Width","Meta Description 1","Meta Description 1 Length","Meta Description 1 Pixel Width","Meta Keyword 1","Meta Keywords 1 Length","H1-1","H1-1 length","H1-2","H1-2 length","H2-1","H2-1 length","H2-2","H2-2 length","Meta Robots 1","X-Robots-Tag 1","Meta Refresh 1","Canonical Link Element 1","rel=""next"" 1","rel=""prev"" 1","HTTP rel=""next"" 1","HTTP rel=""prev"" 1","Size (bytes)","Word Count","Text Ratio","Crawl Depth","Link Score","Inlinks","Unique Inlinks","% of Total","Outlinks","Unique Outlinks","External Outlinks","Unique External Outlinks","Hash","Response Time","Last Modified","Redirect URL","Redirect Type","URL Encoded Address"
"https://multfun.tk/","text/plain","301","Moved Permanently","Non-Indexable","Redirected","","0","0","","0","0","","0","","0","","0","","0","","0","","","","","","","","","39","0","0.0","0","","0","0","0.0","0","0","0","0","","0.178","","https://www.multfun.tk/","HTTP Redirect","https://multfun.tk/"
"https://www.multfun.tk/","text/html; charset=UTF-8","200","OK","Non-Indexable","Canonicalised","MULTFUN - Поринь у світ мультів","31","307","","0","0","мультсеріали, мультсеріали для дорослих, мультсеріали для дітей, сімпсони, футурама, гріфіни, південний парк, рік та морті, нескінченний потяг, гравіті фоллз, час пригод, завойовник зім, стар проти сил зла","205","☰","1","← Про сайт","10","","0","1) Документальне підтвердження Ваших прав на матеріал, захищений авторським правом.","83","","","","https://multfun.tk/","","","","","14620","261","14.643023","1","","14","7","22.58","33","26","3","3","cea2ea705b02915123c909e073f8d61f","0.134","","","","https://www.multfun.tk/"
"https://www.multfun.tk/img/posters/familyguy.png","image/png","200","OK","Indexable","","","0","0","","0","0","","0","","0","","0","","0","","0","","","","","","","","","180225","0","0.0","2","","0","0","0.0","0","0","0","0","","0.052","","","","https://www.multfun.tk/img/posters/familyguy.png"
"https://www.multfun.tk/img/logo.png","image/png","200","OK","Indexable","","","0","0","","0","0","","0","","0","","0","","0","","0","","","","","","","","","30497","0","0.0","2","","0","0","0.0","0","0","0","0","","0.256","","","","https://www.multfun.tk/img/logo.png"
"https://www.multfun.tk/cartoons/adventuretime","text/html; charset=UTF-8","301","Moved Permanently","Non-Indexable","Redirected","","0","0","","0","0","","0","","0","","0","","0","","0","","","","","","","","","3398","0","0.0","2","","12","12","38.71","0","0","0","0","","0.309","","https://www.multfun.tk/cartoons/adventuretime/","HTTP Redirect","https://www.multfun.tk/cartoons/adventuretime"
"https://www.multfun.tk/cartoons/gravityfalls","text/html; charset=UTF-8","301","Moved Permanently","Non-Indexable","Redirected","","0","0","","0","0","","0","","0","","0","","0","","0","","","","","","","","","3459","0","0.0","2","","14","13","41.94","0","0","0","0","","0.392","","https://www.multfun.tk/cartoons/gravityfalls/","HTTP Redirect","https://www.multfun.tk/cartoons/gravityfalls"
"https://www.multfun.tk/cartoons/amphibia","text/html; charset=UTF-8","301","Moved Permanently","Non-Indexable","Redirected","","0","0","","0","0","","0","","0","","0","","0","","0","","","","","","","","","3420","0","0.0","2","","12","12","38.71","0","0","0","0","","0.44","","https://www.multfun.tk/cartoons/amphibia/","HTTP Redirect","https://www.multfun.tk/cartoons/amphibia"
"https://www.multfun.tk/cartoons/invaderzim","text/html; charset=UTF-8","301","Moved Permanently","Non-Indexable","Redirected","","0","0","","0","0","","0","","0","","0","","0","","0","","","","","","","","","3370","0","0.0","2","","12","12","38.71","0","0","0","0","","0.367","","https://www.multfun.tk/cartoons/invaderzim/","HTTP Redirect","https://www.multfun.tk/cartoons/invaderzim"
"https://www.multfun.tk/img/posters/starwars.png","image/png","200","OK","Indexable","","","0","0","","0","0","","0","","0","","0","","0","","0","","","","","","","","","222478","0","0.0","2","","0","0","0.0","0","0","0","0","","0.217","","","","https://www.multfun.tk/img/posters/starwars.png"
"https://www.multfun.tk/cartoons/starvs","text/html; charset=UTF-8","301","Moved Permanently","Non-Indexable","Redirected","","0","0","","0","0","","0","","0","","0","","0","","0","","","","","","","","","3484","0","0.0","2","","12","12","38.71","0","0","0","0","","0.291","","https://www.multfun.tk/cartoons/starvs/","HTTP Redirect","https://www.multfun.tk/cartoons/starvs"
"https://www.multfun.tk/cartoons/paradise","text/html; charset=UTF-8","301","Moved Permanently","Non-Indexable","Redirected","","0","0","","0","0","","0","","0","","0","","0","","0","","","","","","","","","3379","0","0.0","2","","14","14","45.16","0","0","0","0","","0.178","","https://www.multfun.tk/cartoons/paradise/","HTTP Redirect","https://www.multfun.tk/cartoons/paradise"
"https://www.multfun.tk/img/posters/amphibia.png","image/png","200","OK","Indexable","","","0","0","","0","0","","0","","0","","0","","0","","0","","","","","","","","","222860","0","0.0","2","","0","0","0.0","0","0","0","0","","0.191","","","","https://www.multfun.tk/img/posters/amphibia.png"
"https://www.multfun.tk/img/posters/clevelandshow.png","image/png","200","OK","Indexable","","","0","0","","0","0","","0","","0","","0","","0","","0","","","","","","","","","126521","0","0.0","2","","0","0","0.0","0","0","0","0","","0.467","","","","https://www.multfun.tk/img/posters/clevelandshow.png"
"https://www.multfun.tk/blog/","text/html; charset=UTF-8","200","OK","Indexable","","MULTBLOG - Блог сайту Multfun","29","295","","0","0","","0","☰","1","← Про сайт","10","","0","1) Документальне підтвердження Ваших прав на матеріал, захищений авторським правом.","83","","","","","","","","","7494","219","25.591433","2","","32","25","80.65","13","6","3","3","fe9bb5e46419bb3df4869cbf185bfe99","0.564","","","","https://www.multfun.tk/blog/"
"https://www.multfun.tk/img/posters/phineasandferb.png","image/png","200","OK","Indexable","","","0","0","","0","0","","0","","0","","0","","0","","0","","","","","","","","","121272","0","0.0","2","","0","0","0.0","0","0","0","0","","0.993","","","","https://www.multfun.tk/img/posters/phineasandferb.png"
"https://www.multfun.tk/cartoons/hilda","text/html; charset=UTF-8","301","Moved Permanently","Non-Indexable","Redirected","","0","0","","0","0","","0","","0","","0","","0","","0","","","","","","","","","3609","0","0.0","2","","12","12","38.71","0","0","0","0","","0.495","","https://www.multfun.tk/cartoons/hilda/","HTTP Redirect","https://www.multfun.tk/cartoons/hilda"
"https://www.multfun.tk/cartoons/americandad","text/html; charset=UTF-8","301","Moved Permanently","Non-Indexable","Redirected","","0","0","","0","0","","0","","0","","0","","0","","0","","","","","","","","","3449","0","0.0","2","","12","12","38.71","0","0","0","0","","1.009","","https://www.multfun.tk/cartoons/americandad/","HTTP Redirect","https://www.multfun.tk/cartoons/americandad"
"https://www.multfun.tk/cartoons/phineasandferb","text/html; charset=UTF-8","301","Moved Permanently","Non-Indexable","Redirected","","0","0","","0","0","","0","","0","","0","","0","","0","","","","","","","","","3421","0","0.0","2","","12","12","38.71","0","0","0","0","","0.875","","https://www.multfun.tk/cartoons/phineasandferb/","HTTP Redirect","https://www.multfun.tk/cartoons/phineasandferb"
"https://www.multfun.tk/img/posters/invaderzim.png","image/png","200","OK","Indexable","","","0","0","","0","0","","0","","0","","0","","0","","0","","","","","","","","","95625","0","0.0","2","","0","0","0.0","0","0","0","0","","0.5","","","","https://www.multfun.tk/img/posters/invaderzim.png"
"https://www.multfun.tk/cartoons/clevelandshow","text/html; charset=UTF-8","301","Moved Permanently","Non-Indexable","Redirected","","0","0","","0","0","","0","","0","","0","","0","","0","","","","","","","","","3443","0","0.0","2","","14","14","45.16","0","0","0","0","","0.335","","https://www.multfun.tk/cartoons/clevelandshow/","HTTP Redirect","https://www.multfun.tk/cartoons/clevelandshow"
"https://www.multfun.tk/img/posters/southpark.png","image/png","200","OK","Indexable","","","0","0","","0","0","","0","","0","","0","","0","","0","","","","","","","","","221467","0","0.0","2","","0","0","0.0","0","0","0","0","","0.354","","","","https://www.multfun.tk/img/posters/southpark.png"
"https://www.multfun.tk/img/posters/starvs.png","image/png","200","OK","Indexable","","","0","0","","0","0","","0","","0","","0","","0","","0","","","","","","","","","142437","0","0.0","2","","0","0","0.0","0","0","0","0","","0.398","","","","https://www.multfun.tk/img/posters/starvs.png"
"https://www.multfun.tk/img/posters/americandad.png","image/png","200","OK","Indexable","","","0","0","","0","0","","0","","0","","0","","0","","0","","","","","","","","","139176","0","0.0","2","","0","0","0.0","0","0","0","0","","0.331","","","","https://www.multfun.tk/img/posters/americandad.png"
"https://www.multfun.tk/img/posters/gravityfalls.png","image/png","200","OK","Indexable","","","0","0","","0","0","","0","","0","","0","","0","","0","","","","","","","","","225119","0","0.0","2","","0","0","0.0","0","0","0","0","","0.374","","","","https://www.multfun.tk/img/posters/gravityfalls.png"
"https://www.multfun.tk/img/posters/rickandmorty.png","image/png","200","OK","Indexable","","","0","0","","0","0","","0","","0","","0","","0","","0","","","","","","","","","260796","0","0.0","2","","0","0","0.0","0","0","0","0","","0.476","","","","https://www.multfun.tk/img/posters/rickandmorty.png"
"https://www.multfun.tk/img/posters/milolaw.png","image/png","200","OK","Indexable","","","0","0","","0","0","","0","","0","","0","","0","","0","","","","","","","","","216818","0","0.0","2","","0","0","0.0","0","0","0","0","","1.006","","","","https://www.multfun.tk/img/posters/milolaw.png"
"https://www.multfun.tk/cartoons/simpsons","text/html; charset=UTF-8","301","Moved Permanently","Non-Indexable","Redirected","","0","0","","0","0","","0","","0","","0","","0","","0","","","","","","","","","3547","0","0.0","2","","16","15","48.39","0","0","0","0","","1.093","","https://www.multfun.tk/cartoons/simpsons/","HTTP Redirect","https://www.multfun.tk/cartoons/simpsons"
"https://www.multfun.tk/cartoons/familyguy","text/html; charset=UTF-8","301","Moved Permanently","Non-Indexable","Redirected","","0","0","","0","0","","0","","0","","0","","0","","0","","","","","","","","","3500","0","0.0","2","","16","15","48.39","0","0","0","0","","1.014","","https://www.multfun.tk/cartoons/familyguy/","HTTP Redirect","https://www.multfun.tk/cartoons/familyguy"
"https://www.multfun.tk/img/youtube.png","image/png","200","OK","Indexable","","","0","0","","0","0","","0","","0","","0","","0","","0","","","","","","","","","1243","0","0.0","2","","0","0","0.0","0","0","0","0","","0.57","","","","https://www.multfun.tk/img/youtube.png"
"https://www.multfun.tk/cartoons/disenchantment","text/html; charset=UTF-8","301","Moved Permanently","Non-Indexable","Redirected","","0","0","","0","0","","0","","0","","0","","0","","0","","","","","","","","","3505","0","0.0","2","","14","14","45.16","0","0","0","0","","0.538","","https://www.multfun.tk/cartoons/disenchantment/","HTTP Redirect","https://www.multfun.tk/cartoons/disenchantment"
"https://www.multfun.tk/style/addtohomescreen.css","text/html; charset=utf-8","404","Not Found","Non-Indexable","Client Error","","0","0","","0","0","","0","","0","","0","","0","","0","","","","","","","","","2785","0","0.0","2","","0","0","0.0","0","0","0","0","","0.576","","","","https://www.multfun.tk/style/addtohomescreen.css"
"https://www.multfun.tk/cartoons/futurama","text/html; charset=UTF-8","301","Moved Permanently","Non-Indexable","Redirected","","0","0","","0","0","","0","","0","","0","","0","","0","","","","","","","","","3525","0","0.0","2","","20","15","48.39","0","0","0","0","","0.414","","https://www.multfun.tk/cartoons/futurama/","HTTP Redirect","https://www.multfun.tk/cartoons/futurama"
"https://www.multfun.tk/css/main.css","text/css; charset=UTF-8","200","OK","Indexable","","","0","0","","0","0","","0","","0","","0","","0","","0","","","","","","","","","2028","0","0.0","2","","0","0","0.0","0","0","0","0","","0.29","","","","https://www.multfun.tk/css/main.css"
"https://www.multfun.tk/cartoons/hazbinhotel","text/html; charset=UTF-8","301","Moved Permanently","Non-Indexable","Redirected","","0","0","","0","0","","0","","0","","0","","0","","0","","","","","","","","","3519","0","0.0","2","","15","14","45.16","0","0","0","0","","0.306","","https://www.multfun.tk/cartoons/hazbinhotel/","HTTP Redirect","https://www.multfun.tk/cartoons/hazbinhotel"
"https://www.multfun.tk/cartoons/southpark","text/html; charset=UTF-8","301","Moved Permanently","Non-Indexable","Redirected","","0","0","","0","0","","0","","0","","0","","0","","0","","","","","","","","","3560","0","0.0","2","","14","12","38.71","0","0","0","0","","0.236","","https://www.multfun.tk/cartoons/southpark/","HTTP Redirect","https://www.multfun.tk/cartoons/southpark"
"https://www.multfun.tk/img/telegram.png","image/png","200","OK","Indexable","","","0","0","","0","0","","0","","0","","0","","0","","0","","","","","","","","","1338","0","0.0","2","","0","0","0.0","0","0","0","0","","0.213","","","","https://www.multfun.tk/img/telegram.png"
"https://www.multfun.tk/img/posters/hilda.png","image/png","200","OK","Indexable","","","0","0","","0","0","","0","","0","","0","","0","","0","","","","","","","","","177908","0","0.0","2","","0","0","0.0","0","0","0","0","","0.161","","","","https://www.multfun.tk/img/posters/hilda.png"
"https://www.multfun.tk/cartoons/rickandmorty","text/html; charset=UTF-8","301","Moved Permanently","Non-Indexable","Redirected","","0","0","","0","0","","0","","0","","0","","0","","0","","","","","","","","","3487","0","0.0","2","","16","15","48.39","0","0","0","0","","0.181","","https://www.multfun.tk/cartoons/rickandmorty/","HTTP Redirect","https://www.multfun.tk/cartoons/rickandmorty"
"https://www.multfun.tk/css/font-awesome.css","text/css; charset=UTF-8","200","OK","Indexable","","","0","0","","0","0","","0","","0","","0","","0","","0","","","","","","","","","7439","0","0.0","2","","0","0","0.0","0","0","0","0","","0.188","","","","https://www.multfun.tk/css/font-awesome.css"
"https://www.multfun.tk/img/posters/paradise.png","image/png","200","OK","Indexable","","","0","0","","0","0","","0","","0","","0","","0","","0","","","","","","","","","156261","0","0.0","2","","0","0","0.0","0","0","0","0","","0.279","","","","https://www.multfun.tk/img/posters/paradise.png"
"https://www.multfun.tk/cartoons/milolaw","text/html; charset=UTF-8","301","Moved Permanently","Non-Indexable","Redirected","","0","0","","0","0","","0","","0","","0","","0","","0","","","","","","","","","3380","0","0.0","2","","12","12","38.71","0","0","0","0","","0.615","","https://www.multfun.tk/cartoons/milolaw/","HTTP Redirect","https://www.multfun.tk/cartoons/milolaw"
"https://www.multfun.tk/img/posters/hazbinhotel.png","image/png","200","OK","Indexable","","","0","0","","0","0","","0","","0","","0","","0","","0","","","","","","","","","183689","0","0.0","2","","0","0","0.0","0","0","0","0","","0.584","","","","https://www.multfun.tk/img/posters/hazbinhotel.png"
"https://www.multfun.tk/img/posters/simpsons.png","image/png","200","OK","Indexable","","","0","0","","0","0","","0","","0","","0","","0","","0","","","","","","","","","188314","0","0.0","2","","0","0","0.0","0","0","0","0","","0.605","","","","https://www.multfun.tk/img/posters/simpsons.png"
"https://www.multfun.tk/img/posters/disenchantment.png","image/png","200","OK","Indexable","","","0","0","","0","0","","0","","0","","0","","0","","0","","","","","","","","","275305","0","0.0","2","","0","0","0.0","0","0","0","0","","0.822","","","","https://www.multfun.tk/img/posters/disenchantment.png"
"https://www.multfun.tk/blog/posts/4.png","image/png","200","OK","Indexable","","","0","0","","0","0","","0","","0","","0","","0","","0","","","","","","","","","205198","0","0.0","2","","0","0","0.0","0","0","0","0","","0.689","","","","https://www.multfun.tk/blog/posts/4.png"
"https://www.multfun.tk/cartoons/infinitytrain/","text/html; charset=UTF-8","200","OK","Indexable","","MULTFUN - Нескінченний потяг","28","282","","0","0","мультсеріали, мультсеріали для дітей, нескінченний потяг, гравіті фоллз, час пригод, завойовник зім, стар проти сил зла, фінеас і ферб, гільда, закон майло мерфі, амфібія","170","☰","1","Нескінченний потяг","18","","0","1) Документальне підтвердження Ваших прав на матеріал, захищений авторським правом.","83","","","","","","","","","9619","246","22.50812","2","","10","4","12.9","19","13","3","3","ca9846327703138773577c14e7ff5c28","0.673","","","","https://www.multfun.tk/cartoons/infinitytrain/"
"https://www.multfun.tk/img/instagram.png","image/png","200","OK","Indexable","","","0","0","","0","0","","0","","0","","0","","0","","0","","","","","","","","","1639","0","0.0","2","","0","0","0.0","0","0","0","0","","0.153","","","","https://www.multfun.tk/img/instagram.png"
"https://www.multfun.tk/blog/post/multnews1","text/html; charset=UTF-8","301","Moved Permanently","Non-Indexable","Redirected","","0","0","","0","0","","0","","0","","0","","0","","0","","","","","","","","","4250","0","0.0","2","","4","4","12.9","0","0","0","0","","0.691","","https://www.multfun.tk/blog/post/multnews1/","HTTP Redirect","https://www.multfun.tk/blog/post/multnews1"
"https://www.multfun.tk/img/posters/adventuretime.png","image/png","200","OK","Indexable","","","0","0","","0","0","","0","","0","","0","","0","","0","","","","","","","","","196596","0","0.0","2","","0","0","0.0","0","0","0","0","","0.754","","","","https://www.multfun.tk/img/posters/adventuretime.png"
"https://www.multfun.tk/cartoons/brickleberry","text/html; charset=UTF-8","301","Moved Permanently","Non-Indexable","Redirected","","0","0","","0","0","","0","","0","","0","","0","","0","","","","","","","","","3532","0","0.0","2","","13","13","41.94","0","0","0","0","","0.551","","https://www.multfun.tk/cartoons/brickleberry/","HTTP Redirect","https://www.multfun.tk/cartoons/brickleberry"
"https://www.multfun.tk/img/posters/brickleberry.png","image/png","200","OK","Indexable","","","0","0","","0","0","","0","","0","","0","","0","","0","","","","","","","","","165505","0","0.0","2","","0","0","0.0","0","0","0","0","","0.418","","","","https://www.multfun.tk/img/posters/brickleberry.png"
"https://www.multfun.tk/img/posters/futurama.png","image/png","200","OK","Indexable","","","0","0","","0","0","","0","","0","","0","","0","","0","","","","","","","","","213749","0","0.0","2","","0","0","0.0","0","0","0","0","","0.462","","","","https://www.multfun.tk/img/posters/futurama.png"
"https://www.multfun.tk/img/posters/bigmouth.png","image/png","200","OK","Indexable","","","0","0","","0","0","","0","","0","","0","","0","","0","","","","","","","","","165482","0","0.0","2","","0","0","0.0","0","0","0","0","","0.457","","","","https://www.multfun.tk/img/posters/bigmouth.png"
"https://www.multfun.tk/allcartoons","text/html; charset=UTF-8","301","Moved Permanently","Non-Indexable","Redirected","","0","0","","0","0","","0","","0","","0","","0","","0","","","","","","","","","2999","0","0.0","2","","25","25","80.65","0","0","0","0","","0.806","","https://www.multfun.tk/allcartoons/","HTTP Redirect","https://www.multfun.tk/allcartoons"
"https://www.multfun.tk/cartoons/bigmouth","text/html; charset=UTF-8","301","Moved Permanently","Non-Indexable","Redirected","","0","0","","0","0","","0","","0","","0","","0","","0","","","","","","","","","3403","0","0.0","2","","14","14","45.16","0","0","0","0","","0.855","","https://www.multfun.tk/cartoons/bigmouth/","HTTP Redirect","https://www.multfun.tk/cartoons/bigmouth"
"https://www.multfun.tk/cartoons/phineasandferb/","text/html; charset=UTF-8","200","OK","Indexable","","MULTFUN - Фінеас і Ферб","23","235","","0","0","мультсеріали, мультсеріали для дітей, нескінченний потяг, гравіті фоллз, час пригод, завойовник зім, стар проти сил зла, фінеас і ферб, гільда, закон майло мерфі, амфібія","170","☰","1","Фінеас і Ферб","13","","0","1) Документальне підтвердження Ваших прав на матеріал, захищений авторським правом.","83","","","","","","","","","9685","260","23.075012","3","","7","1","3.23","19","13","3","3","9353b364ab1cb457474c005ba82af10e","0.61","","","","https://www.multfun.tk/cartoons/phineasandferb/"
"https://www.multfun.tk/img/posters/infinitytrain.png","image/png","200","OK","Indexable","","","0","0","","0","0","","0","","0","","0","","0","","0","","","","","","","","","193112","0","0.0","2","","0","0","0.0","0","0","0","0","","0.819","","","","https://www.multfun.tk/img/posters/infinitytrain.png"
"https://www.multfun.tk/cartoons/starwars","text/html; charset=UTF-8","301","Moved Permanently","Non-Indexable","Redirected","","0","0","","0","0","","0","","0","","0","","0","","0","","","","","","","","","3426","0","0.0","2","","12","12","38.71","0","0","0","0","","0.837","","https://www.multfun.tk/cartoons/starwars/","HTTP Redirect","https://www.multfun.tk/cartoons/starwars"
"https://www.multfun.tk/cartoons/hazbinhotel/","text/html; charset=UTF-8","200","OK","Indexable","","MULTFUN - Готель Газбін","23","236","","0","0","мультсеріали, мультсеріали для дорослих, сімпсони, футурама, гріфіни, південний парк, рік та морті, американський тато, розчарування, бріклбері, шоу клівленда, готель газбін","173","☰","1","Готель Газбін","13","","0","1) Документальне підтвердження Ваших прав на матеріал, захищений авторським правом.","83","","","","","","","","","10190","265","23.026861","3","","7","1","3.23","21","15","3","3","6af9d1728eb794b25a44a36e29259c09","0.467","","","","https://www.multfun.tk/cartoons/hazbinhotel/"
"https://www.multfun.tk/cartoons/bigmouth/","text/html; charset=UTF-8","200","OK","Indexable","","MULTFUN - Великий рот","21","221","","0","0","мультсеріали, мультсеріали для дорослих, сімпсони, футурама, гріфіни, південний парк, рік та морті, американський тато, розчарування, бріклбері, шоу клівленда, готель газбін","173","☰","1","Великий рот","11","","0","1) Документальне підтвердження Ваших прав на матеріал, захищений авторським правом.","83","","","","","","","","","9839","251","22.34964","3","","7","1","3.23","20","13","3","3","630a1355cc9575926d3bfc56e8c302e6","0.274","","","","https://www.multfun.tk/cartoons/bigmouth/"
"https://www.multfun.tk/cartoons/simpsons/","text/html; charset=UTF-8","200","OK","Non-Indexable","Canonicalised","MULTFUN - Сімпсони","18","192","","0","0","мультсеріали, мультсеріали для дорослих, сімпсони, футурама, гріфіни, південний парк, рік та морті, американський тато, розчарування, бріклбері, шоу клівленда, готель газбін","173","☰","1","Сімпсони","8","","0","1) Документальне підтвердження Ваших прав на матеріал, захищений авторським правом.","83","","","","https://multfun.tk/cartoons/simpsons","","","","","10226","264","22.744913","3","","7","1","3.23","21","15","3","3","7cead34111772b39cfcee8106b5dde0d","0.214","","","","https://www.multfun.tk/cartoons/simpsons/"
"https://www.multfun.tk/cartoons/amphibia/","text/html; charset=UTF-8","200","OK","Indexable","","MULTFUN - Амфібія","17","182","","0","0","мультсеріали, мультсеріали для дітей, нескінченний потяг, гравіті фоллз, час пригод, завойовник зім, стар проти сил зла, фінеас і ферб, гільда, закон майло мерфі, амфібія","170","☰","1","Амфібія","7","","0","1) Документальне підтвердження Ваших прав на матеріал, захищений авторським правом.","83","","","","","","","","","9647","253","22.879242","3","","7","1","3.23","19","13","3","3","3093625aa5184e38c66772ccd3817d35","0.608","","","","https://www.multfun.tk/cartoons/amphibia/"
"https://www.multfun.tk/blog/posts/1.png","image/png","200","OK","Indexable","","","0","0","","0","0","","0","","0","","0","","0","","0","","","","","","","","","190591","0","0.0","3","","0","0","0.0","0","0","0","0","","0.409","","","","https://www.multfun.tk/blog/posts/1.png"
"https://www.multfun.tk/blog/posts/2.png","image/png","200","OK","Indexable","","","0","0","","0","0","","0","","0","","0","","0","","0","","","","","","","","","166261","0","0.0","3","","0","0","0.0","0","0","0","0","","0.295","","","","https://www.multfun.tk/blog/posts/2.png"
"https://www.multfun.tk/cartoons/adventuretime/","text/html; charset=UTF-8","200","OK","Indexable","","MULTFUN - Час пригод","20","211","","0","0","мультсеріали, мультсеріали для дітей, нескінченний потяг, гравіті фоллз, час пригод, завойовник зім, стар проти сил зла, фінеас і ферб, гільда, закон майло мерфі, амфібія","170","☰","1","Час пригод","10","","0","1) Документальне підтвердження Ваших прав на матеріал, захищений авторським правом.","83","","","","","","","","","9637","257","22.653843","3","","7","1","3.23","19","13","4","4","9eb0d3448bce274430c2bbaf6ad3d661","0.604","","","","https://www.multfun.tk/cartoons/adventuretime/"
"https://www.multfun.tk/cartoons/invaderzim/","text/html; charset=UTF-8","200","OK","Indexable","","MULTFUN - Завойовник Зім","24","251","","0","0","мультсеріали, мультсеріали для дітей, нескінченний потяг, гравіті фоллз, час пригод, завойовник зім, стар проти сил зла, фінеас і ферб, гільда, закон майло мерфі, амфібія","170","☰","1","Завойовник Зім","14","","0","1) Документальне підтвердження Ваших прав на матеріал, захищений авторським правом.","83","","","","","","","","","9595","250","22.482172","3","","7","1","3.23","19","13","3","3","f11f17e94561a9365b1da38f75194414","0.303","","","","https://www.multfun.tk/cartoons/invaderzim/"
"https://www.multfun.tk/cartoons/starvs/","text/html; charset=UTF-8","200","OK","Indexable","","MULTFUN - Стар проти сил зла","28","286","","0","0","мультсеріали, мультсеріали для дітей, нескінченний потяг, гравіті фоллз, час пригод, завойовник зім, стар проти сил зла, фінеас і ферб, гільда, закон майло мерфі, амфібія","170","☰","1","Старт проти сил зла","19","","0","1) Документальне підтвердження Ваших прав на матеріал, захищений авторським правом.","83","","","","","","","","","9781","277","23.721102","3","","7","1","3.23","19","13","3","3","645a9603a777c61188d1a05eb0da381e","0.328","","","","https://www.multfun.tk/cartoons/starvs/"
"https://www.multfun.tk/blog/post/update","text/html; charset=UTF-8","301","Moved Permanently","Non-Indexable","Redirected","","0","0","","0","0","","0","","0","","0","","0","","0","","","","","","","","","0","0","0.0","3","","2","2","6.45","0","0","0","0","","0.362","","https://www.multfun.tk/blog/post/update/","HTTP Redirect","https://www.multfun.tk/blog/post/update"
"https://www.multfun.tk/blog/img/logo.png","image/png","200","OK","Indexable","","","0","0","","0","0","","0","","0","","0","","0","","0","","","","","","","","","17559","0","0.0","3","","0","0","0.0","0","0","0","0","","0.251","","","","https://www.multfun.tk/blog/img/logo.png"
"https://www.multfun.tk/cartoons/css/main.css","text/css; charset=UTF-8","200","OK","Indexable","","","0","0","","0","0","","0","","0","","0","","0","","0","","","","","","","","","1952","0","0.0","3","","0","0","0.0","0","0","0","0","","0.166","","","","https://www.multfun.tk/cartoons/css/main.css"
"https://www.multfun.tk/blog/post/helloween","text/html; charset=UTF-8","301","Moved Permanently","Non-Indexable","Redirected","","0","0","","0","0","","0","","0","","0","","0","","0","","","","","","","","","0","0","0.0","3","","2","2","6.45","0","0","0","0","","0.494","","https://www.multfun.tk/blog/post/helloween/","HTTP Redirect","https://www.multfun.tk/blog/post/helloween"
"https://www.multfun.tk/cartoons/clevelandshow/","text/html; charset=UTF-8","200","OK","Indexable","","MULTFUN - Шоу Клівленда","23","249","","0","0","мультсеріали, мультсеріали для дорослих, сімпсони, футурама, гріфіни, південний парк, рік та морті, американський тато, розчарування, бріклбері, шоу клівленда, готель газбін","173","☰","1","Шоу Клівленда","13","","0","1) Документальне підтвердження Ваших прав на матеріал, захищений авторським правом.","83","","","","","","","","","10046","255","22.299152","3","","7","1","3.23","21","15","3","3","c0621c4ee0eeae497bafaa2ff0f5782e","0.105","","","","https://www.multfun.tk/cartoons/clevelandshow/"
"https://www.multfun.tk/cartoons/rickandmorty/","text/html; charset=UTF-8","200","OK","Indexable","","MULTFUN - Рік та Морті","22","220","","0","0","мультсеріали, мультсеріали для дорослих, сімпсони, футурама, гріфіни, південний парк, рік та морті, американський тато, розчарування, бріклбері, шоу клівленда, готель газбін","173","☰","1","Рік та Морті","12","","0","1) Документальне підтвердження Ваших прав на матеріал, захищений авторським правом.","83","","","","","","","","","10263","262","22.353079","3","","7","1","3.23","22","14","3","3","88697b3c889cbc7f15bd90ca9ebfa1d1","0.314","","","","https://www.multfun.tk/cartoons/rickandmorty/"
"https://www.multfun.tk/blog/css/main.css","text/css; charset=UTF-8","200","OK","Indexable","","","0","0","","0","0","","0","","0","","0","","0","","0","","","","","","","","","1616","0","0.0","3","","0","0","0.0","0","0","0","0","","0.421","","","","https://www.multfun.tk/blog/css/main.css"
"https://www.multfun.tk/allcartoons/","text/html; charset=UTF-8","200","OK","Indexable","","MULTFUN - Усі мультсеріали","26","265","","0","0","","0","☰","1","← Про сайт","10","","0","1) Документальне підтвердження Ваших прав на матеріал, захищений авторським правом.","83","","","","","","","","","10428","245","19.612213","3","","7","1","3.23","32","26","3","3","4a459503e70ff072f111040ba712a69d","0.291","","","","https://www.multfun.tk/allcartoons/"
"https://www.multfun.tk/cartoons/futurama/","text/html; charset=UTF-8","200","OK","Indexable","","MULTFUN - Футурама","18","200","","0","0","мультсеріали, мультсеріали для дорослих, сімпсони, футурама, гріфіни, південний парк, рік та морті, американський тато, розчарування, бріклбері, шоу клівленда, готель газбін","173","☰","1","Футурама","8","","0","1) Документальне підтвердження Ваших прав на матеріал, захищений авторським правом.","83","","","","","","","","","10122","269","22.96384","3","","7","1","3.23","21","15","3","3","8e12234af1c1a1f200e28163456f9e9","0.324","","","","https://www.multfun.tk/cartoons/futurama/"
"https://www.multfun.tk/cartoons/starwars/","text/html; charset=UTF-8","200","OK","Indexable","","MULTFUN - Зоряні війни: Війни клонів","36","341","","0","0","мультсеріали, мультсеріали для дітей, нескінченний потяг, гравіті фоллз, час пригод, завойовник зім, стар проти сил зла, фінеас і ферб, гільда, закон майло мерфі, амфібія","170","☰","1","Зоряні війни: Війни клонів","26","","0","1) Документальне підтвердження Ваших прав на матеріал, захищений авторським правом.","83","","","","","","","","","9653","268","23.829252","3","","7","1","3.23","18","12","3","3","c8420eef8200d49a2dba26486d0fda67","0.233","","","","https://www.multfun.tk/cartoons/starwars/"
"https://www.multfun.tk/cartoons/hilda/","text/html; charset=UTF-8","200","OK","Indexable","","MULTFUN - Гільда","16","170","","0","0","мультсеріали, мультсеріали для дітей, нескінченний потяг, гравіті фоллз, час пригод, завойовник зім, стар проти сил зла, фінеас і ферб, гільда, закон майло мерфі, амфібія","170","☰","1","Гільда","6","","0","1) Документальне підтвердження Ваших прав на матеріал, захищений авторським правом.","83","","","","","","","","","10064","290","25.075785","3","","7","1","3.23","19","13","3","3","c3c3d68944ee7b41533dc6fc27bd769b","0.265","","","","https://www.multfun.tk/cartoons/hilda/"
"https://www.multfun.tk/cartoons/disenchantment/","text/html; charset=UTF-8","200","OK","Indexable","","MULTFUN - Розчарування","22","238","","0","0","мультсеріали, мультсеріали для дорослих, сімпсони, футурама, гріфіни, південний парк, рік та морті, американський тато, розчарування, бріклбері, шоу клівленда, готель газбін","173","☰","1","Розчарування","12","","0","1) Документальне підтвердження Ваших прав на матеріал, захищений авторським правом.","83","","","","","","","","","10143","260","22.914692","3","","7","1","3.23","21","15","3","3","a53f2995a0f6977ed414fc639a3620b0","0.261","","","","https://www.multfun.tk/cartoons/disenchantment/"
"https://www.multfun.tk/cartoons/paradise/","text/html; charset=UTF-8","200","OK","Indexable","","MULTFUN - Поліція Парадайз","26","269","","0","0","мультсеріали, мультсеріали для дорослих, сімпсони, футурама, гріфіни, південний парк, рік та морті, американський тато, розчарування, бріклбері, шоу клівленда, готель газбін","173","☰","1","Поліція Парадайз","16","","0","1) Документальне підтвердження Ваших прав на матеріал, захищений авторським правом.","83","","","","","","","","","9769","246","21.922842","3","","7","1","3.23","20","13","3","3","d2d7ca4cc186220bddd1b739135327ea","0.268","","","","https://www.multfun.tk/cartoons/paradise/"
"https://www.multfun.tk/blog/posts/3.png","image/png","200","OK","Indexable","","","0","0","","0","0","","0","","0","","0","","0","","0","","","","","","","","","133406","0","0.0","3","","0","0","0.0","0","0","0","0","","0.3","","","","https://www.multfun.tk/blog/posts/3.png"
"https://www.multfun.tk/blog/post/newyear","text/html; charset=UTF-8","301","Moved Permanently","Non-Indexable","Redirected","","0","0","","0","0","","0","","0","","0","","0","","0","","","","","","","","","0","0","0.0","3","","2","2","6.45","0","0","0","0","","0.471","","https://www.multfun.tk/blog/post/newyear/","HTTP Redirect","https://www.multfun.tk/blog/post/newyear"
"https://www.multfun.tk/cartoons/americandad/","text/html; charset=UTF-8","200","OK","Indexable","","MULTFUN - Американський Тато","28","297","","0","0","мультсеріали, мультсеріали для дорослих, сімпсони, футурама, гріфіни, південний парк, рік та морті, американський тато, розчарування, бріклбері, шоу клівленда, готель газбін","173","☰","1","Американський Тато","18","","0","1) Документальне підтвердження Ваших прав на матеріал, захищений авторським правом.","83","","","","","","","","","10048","251","22.10426","3","","7","1","3.23","21","14","3","3","bc61fddb51a042ab563a738202e6ff3b","0.352","","","","https://www.multfun.tk/cartoons/americandad/"
"https://www.multfun.tk/cartoons/milolaw/","text/html; charset=UTF-8","200","OK","Indexable","","MULTFUN - Закон Майло Мерфі","27","294","","0","0","мультсеріали, мультсеріали для дітей, нескінченний потяг, гравіті фоллз, час пригод, завойовник зім, стар проти сил зла, фінеас і ферб, гільда, закон майло мерфі, амфібія","170","☰","1","Закон Майло Мерфі","17","","0","1) Документальне підтвердження Ваших прав на матеріал, захищений авторським правом.","83","","","","","","","","","9600","255","22.475","3","","7","1","3.23","19","13","3","3","65aac52c9e9da4977a8b0d4147941ab6","0.38","","","","https://www.multfun.tk/cartoons/milolaw/"
"https://www.multfun.tk/index.html","text/html; charset=UTF-8","200","OK","Non-Indexable","Canonicalised","MULTFUN - Поринь у світ мультів","31","307","","0","0","мультсеріали, мультсеріали для дорослих, мультсеріали для дітей, сімпсони, футурама, гріфіни, південний парк, рік та морті, нескінченний потяг, гравіті фоллз, час пригод, завойовник зім, стар проти сил зла","205","☰","1","← Про сайт","10","","0","1) Документальне підтвердження Ваших прав на матеріал, захищений авторським правом.","83","","","","https://multfun.tk/","","","","","14620","261","14.643023","3","","31","24","77.42","33","26","3","3","cea2ea705b02915123c909e073f8d61f","0.457","","","","https://www.multfun.tk/index.html"
"https://www.multfun.tk/cartoons/familyguy/","text/html; charset=UTF-8","200","OK","Indexable","","MULTFUN - Гріфіни","17","176","","0","0","мультсеріали, мультсеріали для дорослих, сімпсони, футурама, гріфіни, південний парк, рік та морті, американський тато, розчарування, бріклбері, шоу клівленда, готель газбін","173","☰","1","Гріфіни","7","","0","1) Документальне підтвердження Ваших прав на матеріал, захищений авторським правом.","83","","","","","","","","","10049","254","22.473118","3","","7","1","3.23","21","15","3","3","b2abe93aea6678fd4d4bf42e7984dc6a","0.27","","","","https://www.multfun.tk/cartoons/familyguy/"
"https://www.multfun.tk/cartoons/southpark/","text/html; charset=UTF-8","200","OK","Indexable","","MULTFUN - Південний Парк","24","251","","0","0","мультсеріали, мультсеріали для дорослих, сімпсони, футурама, гріфіни, південний парк, рік та морті, американський тато, розчарування, бріклбері, шоу клівленда, готель газбін","173","☰","1","Південний Парк","14","","0","1) Документальне підтвердження Ваших прав на матеріал, захищений авторським правом.","83","","","","","","","","","10166","263","22.919378","3","","7","1","3.23","21","15","3","3","1f6202c94d71d60af26e8acdf1eeea5d","0.308","","","","https://www.multfun.tk/cartoons/southpark/"
"https://www.multfun.tk/cartoons/brickleberry/","text/html; charset=UTF-8","200","OK","Indexable","","MULTFUN - Бріклбері","19","195","","0","0","мультсеріали, мультсеріали для дорослих, сімпсони, футурама, гріфіни, південний парк, рік та морті, американський тато, розчарування, бріклбері, шоу клівленда, готель газбін","173","☰","1","Бріклбері","9","","0","1) Документальне підтвердження Ваших прав на матеріал, захищений авторським правом.","83","","","","","","","","","10159","267","23.010422","3","","7","1","3.23","21","15","3","3","8d0857aaa02f1b69ca19b56eedb5fee","0.405","","","","https://www.multfun.tk/cartoons/brickleberry/"
"https://www.multfun.tk/cartoons/gravityfalls/","text/html; charset=UTF-8","200","OK","Indexable","","MULTFUN - Гравіті Фоллз","23","234","","0","0","мультсеріали, мультсеріали для дітей, нескінченний потяг, гравіті фоллз, час пригод, завойовник зім, стар проти сил зла, фінеас і ферб, гільда, закон майло мерфі, амфібія","170","☰","1","Гравіті Фоллз","13","","0","1) Документальне підтвердження Ваших прав на матеріал, захищений авторським правом.","83","","","","","","","","","9754","265","23.571516","3","","7","1","3.23","19","13","3","3","c52c0ee6cba37ed037886d6c33bbfea4","0.484","","","","https://www.multfun.tk/cartoons/gravityfalls/"
"https://www.multfun.tk/blog/post/multnews1/","text/html; charset=UTF-8","200","OK","Indexable","","MULTBLOG - Головне за тиждень","29","312","","0","0","зоряні війни, душа,вперед, pixar, disney","40","☰","1","← Про сайт","10","","0","1) Документальне підтвердження Ваших прав на матеріал, захищений авторським правом.","83","","","","","","","","","11615","419","32.004333","3","","7","1","3.23","9","3","3","3","7bb8fc6d95a659dceb9939bb55c9e619","0.368","","","","https://www.multfun.tk/blog/post/multnews1/"
"https://www.multfun.tk/blog/post/helloween/","text/html; charset=UTF-8","200","OK","Indexable","","MULTBLOG - Хелловін з Multfun","29","294","","0","0","хелловінські серії, сімпсони, південний парк, гравіті фоллз","59","☰","1","← Про сайт","10","","0","1) Документальне підтвердження Ваших прав на матеріал, захищений авторським правом.","83","","","","","","","","","14591","623","38.686523","4","","7","1","3.23","15","6","3","3","1b24e5af8f4dcbd8b8c4901b530b4751","0.343","","","","https://www.multfun.tk/blog/post/helloween/"
"https://multfun.tk/cartoons/simpsons","text/plain","301","Moved Permanently","Non-Indexable","Redirected","","0","0","","0","0","","0","","0","","0","","0","","0","","","","","","","","","56","0","0.0","4","","0","0","0.0","0","0","0","0","","0.33","","https://www.multfun.tk/cartoons/simpsons","HTTP Redirect","https://multfun.tk/cartoons/simpsons"
"https://www.multfun.tk/blog","text/html; charset=UTF-8","301","Moved Permanently","Non-Indexable","Redirected","","0","0","","0","0","","0","","0","","0","","0","","0","","","","","","","","","0","0","0.0","4","","1","1","3.23","0","0","0","0","","0.309","","https://www.multfun.tk/blog/","HTTP Redirect","https://www.multfun.tk/blog"
"https://www.multfun.tk/blog/index.html","text/html; charset=UTF-8","200","OK","Indexable","","MULTBLOG - Блог сайту Multfun","29","295","","0","0","","0","☰","1","← Про сайт","10","","0","1) Документальне підтвердження Ваших прав на матеріал, захищений авторським правом.","83","","","","","","","","","7494","219","25.591433","4","","12","5","16.13","13","6","3","3","fe9bb5e46419bb3df4869cbf185bfe99","0.301","","","","https://www.multfun.tk/blog/index.html"
"https://www.multfun.tk/blog/post/multnews1/spongebob.png","image/png","200","OK","Indexable","","","0","0","","0","0","","0","","0","","0","","0","","0","","","","","","","","","52262","0","0.0","4","","0","0","0.0","0","0","0","0","","0.352","","","","https://www.multfun.tk/blog/post/multnews1/spongebob.png"
"https://www.multfun.tk/blog/post/multnews1/avangerscampus.png","image/png","200","OK","Indexable","","","0","0","","0","0","","0","","0","","0","","0","","0","","","","","","","","","2842329","0","0.0","4","","0","0","0.0","0","0","0","0","","0.616","","","","https://www.multfun.tk/blog/post/multnews1/avangerscampus.png"
"https://www.multfun.tk/blog/post/update/","text/html; charset=UTF-8","200","OK","Indexable","","MULTBLOG - Оновлення сайту","26","285","","0","0","","0","☰","1","← Про сайт","10","","0","1) Документальне підтвердження Ваших прав на матеріал, захищений авторським правом.","83","","","","","","","","","9709","296","27.44233","4","","7","1","3.23","11","5","3","3","d3672572df58cafa6398c89fc85a6288","0.282","","","","https://www.multfun.tk/blog/post/update/"
"https://www.multfun.tk/blog/post/multnews1/onward.png","image/png","200","OK","Indexable","","","0","0","","0","0","","0","","0","","0","","0","","0","","","","","","","","","3607490","0","0.0","4","","0","0","0.0","0","0","0","0","","0.399","","","","https://www.multfun.tk/blog/post/multnews1/onward.png"
"https://www.multfun.tk/blog/post/newyear/","text/html; charset=UTF-8","200","OK","Indexable","","MULTBLOG - Новий рік з Multfun","30","297","","0","0","добірка різдвяних серій, футурама, гріфіни, південний парк, рік та морті","72","☰","1","← Про сайт","10","","0","1) Документальне підтвердження Ваших прав на матеріал, захищений авторським правом.","83","","","","","","","","","12629","445","30.085081","4","","7","1","3.23","17","7","3","3","9d656215e5ffb00f9022ee0d1cf3b5f","0.349","","","","https://www.multfun.tk/blog/post/newyear/"
"https://www.multfun.tk/cartoons/southpark/cartoons/brickleberry","text/html; charset=utf-8","404","Not Found","Non-Indexable","Client Error","","0","0","","0","0","","0","","0","","0","","0","","0","","","","","","","","","0","0","0.0","4","","1","1","3.23","0","0","0","0","","0.275","","","","https://www.multfun.tk/cartoons/southpark/cartoons/brickleberry"
"https://www.multfun.tk/blog/post/multnews1/stevenuniverse.png","image/png","200","OK","Indexable","","","0","0","","0","0","","0","","0","","0","","0","","0","","","","","","","","","1572218","0","0.0","4","","0","0","0.0","0","0","0","0","","0.407","","","","https://www.multfun.tk/blog/post/multnews1/stevenuniverse.png"
"https://www.multfun.tk/cartoons/infinitytrain","text/html; charset=UTF-8","301","Moved Permanently","Non-Indexable","Redirected","","0","0","","0","0","","0","","0","","0","","0","","0","","","","","","","","","0","0","0.0","4","","10","10","32.26","0","0","0","0","","0.289","","https://www.multfun.tk/cartoons/infinitytrain/","HTTP Redirect","https://www.multfun.tk/cartoons/infinitytrain"
"https://www.multfun.tk/blog/post/multnews1/soul.png","image/png","200","OK","Indexable","","","0","0","","0","0","","0","","0","","0","","0","","0","","","","","","","","","1479329","0","0.0","4","","0","0","0.0","0","0","0","0","","0.303","","","","https://www.multfun.tk/blog/post/multnews1/soul.png"
"https://www.multfun.tk/blog/post/multnews1/samurayjack.png","image/png","200","OK","Indexable","","","0","0","","0","0","","0","","0","","0","","0","","0","","","","","","","","","2268024","0","0.0","4","","0","0","0.0","0","0","0","0","","0.566","","","","https://www.multfun.tk/blog/post/multnews1/samurayjack.png"
"https://www.multfun.tk/blog/post/multnews1/mulan.png","image/png","200","OK","Indexable","","","0","0","","0","0","","0","","0","","0","","0","","0","","","","","","","","","2273314","0","0.0","4","","0","0","0.0","0","0","0","0","","0.441","","","","https://www.multfun.tk/blog/post/multnews1/mulan.png"
"https://www.multfun.tk/blog/post/helloween/simpsons.png","image/png","200","OK","Indexable","","","0","0","","0","0","","0","","0","","0","","0","","0","","","","","","","","","2032324","0","0.0","5","","0","0","0.0","0","0","0","0","","0.407","","","","https://www.multfun.tk/blog/post/helloween/simpsons.png"
"https://www.multfun.tk/blog/post/helloween/southpark.png","image/png","200","OK","Indexable","","","0","0","","0","0","","0","","0","","0","","0","","0","","","","","","","","","1559781","0","0.0","5","","0","0","0.0","0","0","0","0","","0.424","","","","https://www.multfun.tk/blog/post/helloween/southpark.png"
"https://www.multfun.tk/blog/post/newyear/southpark.jpeg","image/jpeg","200","OK","Indexable","","","0","0","","0","0","","0","","0","","0","","0","","0","","","","","","","","","285225","0","0.0","5","","0","0","0.0","0","0","0","0","","0.566","","","","https://www.multfun.tk/blog/post/newyear/southpark.jpeg"
"https://www.multfun.tk/blog/post/helloween/gravityfalls.png","image/png","200","OK","Indexable","","","0","0","","0","0","","0","","0","","0","","0","","0","","","","","","","","","903291","0","0.0","5","","0","0","0.0","0","0","0","0","","0.497","","","","https://www.multfun.tk/blog/post/helloween/gravityfalls.png"
"https://www.multfun.tk/blog/post/update/update.png","image/png","200","OK","Indexable","","","0","0","","0","0","","0","","0","","0","","0","","0","","","","","","","","","1495767","0","0.0","5","","0","0","0.0","0","0","0","0","","0.276","","","","https://www.multfun.tk/blog/post/update/update.png"
"https://www.multfun.tk/blog/post/newyear/rickandmorty.jpeg","image/jpeg","200","OK","Indexable","","","0","0","","0","0","","0","","0","","0","","0","","0","","","","","","","","","373747","0","0.0","5","","0","0","0.0","0","0","0","0","","0.381","","","","https://www.multfun.tk/blog/post/newyear/rickandmorty.jpeg"
"https://www.multfun.tk/blog/post/newyear/familyguy.jpeg","image/jpeg","200","OK","Indexable","","","0","0","","0","0","","0","","0","","0","","0","","0","","","","","","","","","310145","0","0.0","5","","0","0","0.0","0","0","0","0","","0.468","","","","https://www.multfun.tk/blog/post/newyear/familyguy.jpeg"
"https://www.multfun.tk/blog/post/newyear/futurama.jpeg","image/jpeg","200","OK","Indexable","","","0","0","","0","0","","0","","0","","0","","0","","0","","","","","","","","","328602","0","0.0","5","","0","0","0.0","0","0","0","0","","0.362","","","","https://www.multfun.tk/blog/post/newyear/futurama.jpeg"
